{"acc": 0.9502726910511842, "loss": 0.05165807041939209, "_timestamp": 1677513223.393504, "_runtime": 12.014003992080688, "_step": 7, "_wandb": {"runtime": 10}}