{"loss": 1.3954042309555022e-14, "_timestamp": 1677780846.794664, "_runtime": 11.861212968826294, "_step": 399, "_wandb": {"runtime": 9}}