{"loss": 37.236250907120194, "_timestamp": 1677514922.1162398, "_runtime": 8.664738893508911, "_step": 399, "_wandb": {"runtime": 6}}