{"loss": 3.389550831493552e-13, "_timestamp": 1677780990.642414, "_runtime": 9.629720211029053, "_step": 399, "_wandb": {"runtime": 6}}