{"loss": 4.822294886609941e-07, "_timestamp": 1677515560.994455, "_runtime": 7.833325147628784, "_step": 399, "_wandb": {"runtime": 5}}