{"loss": 0.0032253024790649854, "_timestamp": 1677839882.641851, "_runtime": 8.056843042373657, "_step": 399, "_wandb": {"runtime": 7}}