{"acc": 0.7989021322549298, "loss": 0.12902864010376172, "_timestamp": 1677513206.0610769, "_runtime": 7.376291990280151, "_step": 7, "_wandb": {"runtime": 6}}