{"loss": 1.9528301606913194e-07, "_timestamp": 1677515845.465066, "_runtime": 7.1601550579071045, "_step": 399, "_wandb": {"runtime": 6}}