{"loss": 1.4347323629532832e-07, "_timestamp": 1677514173.750905, "_runtime": 88.873939037323, "_step": 399, "_wandb": {"runtime": 10}}