{"loss": 0.05879150180502298, "_timestamp": 1677514339.507078, "_runtime": 7.800480842590332, "_step": 399, "_wandb": {"runtime": 7}}