{"loss": 0.197604769955771, "_timestamp": 1677515499.6535392, "_runtime": 7.284637212753296, "_step": 399, "_wandb": {"runtime": 6}}