{"loss": 0.07834523011646932, "_timestamp": 1677839818.01464, "_runtime": 12.45231819152832, "_step": 399, "_wandb": {"runtime": 10}}