{"loss": 0.0001283210345381851, "_timestamp": 1677841036.718137, "_runtime": 6.936927080154419, "_step": 399, "_wandb": {"runtime": 5}}