{"loss": 0.08002176634572604, "_timestamp": 1677515803.443158, "_runtime": 6.526051998138428, "_step": 399, "_wandb": {"runtime": 5}}